VendorNumber,VendorName,PurchaseOrders,UnitsPurchased,PurchaseDollars,FreightDollars,AvgLeadTimeDays,AvgPaymentTermsDays,LeadTimeStdDays,LandedCost,AvgUnitCost,AvgPOValue,FreightPctOfPurchases,LeadTimeCV,CatalogSKUs,BeginUnits,EndUnits,BeginValueAtCost,EndValueAtCost,WtdRetailPrice,WtdCatalogCost,HasPurchases,UnitsAvailable,EstUnitsSold,SellThroughRate,AvgInventoryUnits,StockTurnover,DaysOfInventory,EstRevenue,EstCOGS,EstGrossProfit,GrossMarginPct,EstGrossProfitAfterFreight,InventoryGrowthPct,UnsoldCapitalAtCost,EstimateReliable,PurchaseSharePct,CumulativeSharePct,ScoreEligible,VendorScore,ScoreRank,Segment
3960,DIAGEO NORTH AMERICA INC,54.0,5329972.0,49733333.660000004,250899.75,16.64814814814815,35.7962962962963,2.809400711005197,49984233.410000004,9.330880848905023,920987.6603703705,0.5044901106273437,0.16875154437628548,449.0,531632.0,568717.0,6231591.37,7209768.88,16.62658966382484,12.215542750527332,True,5861604.0,5292887.0,0.9029758748629215,550174.5,9.620378625327055,38.044240695106474,88002660.28599288,64655487.42221036,23347172.863782518,26.530076236227845,23096273.113782518,15.697074020435966,7209768.88,True,15.960373010805426,15.960373010805426,True,65.0,15.0,Volume driver - renegotiate cost
4425,MARTIGNETTI COMPANIES,81.0,2547941.0,26851015.81,139976.94,15.938271604938272,37.04938271604938,3.0876596275024624,26990992.75,10.538319297817335,331494.022345679,0.5213096628838491,0.19372612689984464,1639.0,399658.0,458508.0,4959193.04,5827838.15,19.30006443974709,12.569865492224114,True,2947599.0,2489091.0,0.8444469549623269,429083.0,5.800954593866455,63.093064094482685,48039616.696394525,31287539.067905612,16752077.628488913,34.8713807072199,16612100.688488914,17.515855966760277,5827838.15,True,8.617001847823321,24.577374858628747,True,66.6,14.0,Star - expand
12546,JIM BEAM BRANDS COMPANY,54.0,2673263.0,23539441.79,120230.57,15.314814814814815,35.592592592592595,3.0826604172497283,23659672.36,8.805509143694428,435915.58870370366,0.5107621967954917,0.20128616992924464,415.0,285776.0,392715.0,2950037.29,3802133.33,13.394421871476556,9.9517467733544,True,2959039.0,2566324.0,0.867282925301086,339245.5,7.564798943537939,48.38198645221726,34374426.314895205,25539406.586381957,8835019.728513248,25.702304520162528,8714789.158513248,28.88424640896658,3802133.33,True,7.554254737938701,32.13162959656745,True,55.4,49.0,Volume driver - renegotiate cost
17035,PERNOD RICARD USA,54.0,1599133.0,23460507.21,120130.51,15.74074074074074,35.925925925925924,2.966385165548187,23580637.720000003,14.67076672797072,434453.83722222224,0.5120541893007095,0.188452704634826,277.0,213133.0,247231.0,3055229.52,3608736.29,19.904361939682513,14.475427726755349,True,1812266.0,1565035.0,0.8635790772436276,230182.0,6.799119826919568,53.83049708153492,31151023.08827102,22654551.032342557,8496472.055928465,27.27509793772248,8376341.545928465,18.116700116199453,3608736.29,True,7.5289231293869,39.660552725954346,True,58.3,34.0,Volume driver - renegotiate cost
480,BACARDI USA INC,53.0,1365360.0,16985053.64,86153.58,17.07547169811321,34.9622641509434,3.2924684251962635,17071207.22,12.439981865588564,320472.7101886793,0.5072317216420636,0.19281859285679775,184.0,210362.0,180136.0,2302013.58,2040576.53,15.127654226142003,11.12064622610103,True,1575722.0,1395586.0,0.8856803420908003,195249.0,7.147724188088032,51.20510953821549,21111942.450844612,15519818.184099432,5592124.26674518,26.487966608309222,5505970.68674518,-11.356885653124603,2040576.53,True,5.450826875113974,45.11137960106832,True,52.9,57.0,Volume driver - renegotiate cost
1392,CONSTELLATION BRANDS INC,54.0,2274715.0,15187741.32,77791.2,16.35185185185185,36.31481481481482,3.0104058988367703,15265532.52,6.676766680661094,281254.4688888889,0.5121972935999413,0.1841018329979452,481.0,295259.0,319463.0,2053486.81,2287842.35,11.154078851903787,7.062264177953612,True,2569974.0,2250511.0,0.8756940731696118,307361.0,7.322044761697158,49.986036948941816,25102377.151076842,15893703.217390561,9208673.93368628,36.68446967498155,9130882.733686281,11.41256612210721,2287842.35,True,4.874035155495393,49.98541475656371,True,78.3,4.0,Star - expand
1128,BROWN-FORMAN CORP,54.0,973097.0,13139921.120000001,66576.22,17.01851851851852,36.074074074074076,3.0124943638293207,13206497.340000002,13.503197646277814,243331.8725925926,0.5066713825143571,0.1770127264926913,142.0,119751.0,143634.0,1608221.3900000001,1917788.73,18.644139377717032,13.387285228847505,True,1092848.0,949214.0,0.8685690965257749,131692.5,7.207806063367314,50.77828076703462,17697278.115280293,12707398.561215255,4989879.5540650375,28.195745817864758,4923303.334065038,19.249050032844035,1917788.73,True,4.216850690956883,54.202265447520595,True,59.0,32.0,Volume driver - renegotiate cost
9165,ULTRA BEVERAGE COMPANY LLP,53.0,1017777.0,12433070.97,63888.38,17.30188679245283,35.83018867924528,3.202072079501367,12496959.350000001,12.215908759973944,234586.24471698113,0.5138584035606129,0.1850706872558042,965.0,187218.0,219961.0,2747051.96,3464380.65,22.02306884687079,15.254796072489004,True,1204995.0,985034.0,0.8174589936057826,203589.5,4.838334000525568,75.64587313737394,21693471.598508522,15026492.794468133,6666978.804040389,30.7326504831931,6603090.424040389,26.11267280142746,3464380.65,True,3.9900090291075094,58.19227447662811,True,47.2,71.0,Margin builder - tighten stock levels
3252,E & J GALLO WINERY,54.0,1791181.0,11858245.15,59594.41,15.722222222222221,36.629629629629626,3.241340665245802,11917839.56,6.620350009295543,219597.13240740742,0.5025567379166553,0.20616301051033373,527.0,196972.0,246209.0,1478541.18,1792363.82,11.303939609324406,7.380517215313834,True,1988153.0,1741944.0,0.8761619452828832,221590.5,7.861095128175621,46.55839854782932,19690829.778824992,12856447.680112641,6834382.098712351,34.708451474512614,6774787.688712351,21.225153837108557,1792363.82,True,3.8055364866842973,61.9978109633124,True,80.6,1.0,Star - expand
9552,M S WALKER INC,53.0,1305574.0,10294481.73,52199.2,16.69811320754717,35.716981132075475,3.456236868999273,10346680.93,7.885023545199276,194235.50433962265,0.507060009129765,0.20698367690052144,960.0,199115.0,228401.0,1764156.67,2214882.81,13.923116374591826,9.30734634493212,True,1504689.0,1276288.0,0.8482071710499645,213758.0,5.9707145463561595,61.29919579279912,17769906.351495054,11878854.451880725,5891051.8996143285,33.15184550265619,5838852.699614328,25.549099332543985,2214882.81,True,3.303695052637691,65.3015060159501,True,57.8,37.0,Star - expand
8004,SAZERAC CO INC,54.0,1374487.0,9598694.61,48798.66,16.11111111111111,35.648148148148145,2.931074029865752,9647493.27,6.983474278039734,177753.60388888887,0.5083885047156429,0.1819287328882191,138.0,98398.0,129176.0,772936.29,1001691.03,10.50791593064234,7.798023148514329,True,1472885.0,1343709.0,0.9122972940860964,113787.0,11.808985209206675,30.993349006369684,14119581.207247488,10478273.88686704,3641307.3203804474,25.78906036187099,3592508.6603804473,29.595549201086158,1001691.03,True,3.0804037276033966,68.38190974355349,True,63.9,17.0,Volume driver - renegotiate cost
8112,MOET HENNESSY USA INC,54.0,412864.0,9156131.26,46889.69,15.685185185185185,35.351851851851855,2.4939479505702877,9203020.95,22.17711222097349,169557.9862962963,0.5121124705239318,0.1590002235310455,129.0,70056.0,73672.0,1553101.95,1749932.56,32.66612921629745,22.9811484888122,True,482920.0,409248.0,0.8474447113393523,71864.0,5.694756762774129,64.26964578935022,13368548.049511299,9404989.056749415,3963558.992761884,29.648387978130327,3916669.302761884,12.67338631568907,1749932.56,True,2.93837672826326,71.32028647181676,True,58.0,36.0,Volume driver - renegotiate cost
7245,PROXIMO SPIRITS INC.,54.0,662608.0,7384717.89,37957.89,16.01851851851852,35.648148148148145,3.3448960879634564,7422675.779999999,11.14492715149832,136754.035,0.5140059588654103,0.20881432225436605,114.0,82264.0,96652.0,975325.3,1106073.8,16.680306065416172,11.633387176104987,True,744872.0,648220.0,0.8702434780740852,89458.0,7.246081960249502,50.51005522816328,10812507.997724071,7540994.235294775,3271513.762429296,30.256752301296963,3233555.872429296,13.4056298959947,1106073.8,True,2.3698964744598214,73.69018294627658,True,60.2,26.0,Star - expand
3664,WILLIAM GRANT & SONS INC,54.0,292837.0,5757928.57,29301.47,16.333333333333332,36.7037037037037,2.9905511576321673,5787230.04,19.662571908604445,106628.30685185186,0.5088890847425014,0.1830949688346225,85.0,40963.0,60335.0,879984.45,1316018.79,29.325229718257024,21.678643605994196,True,333800.0,273465.0,0.8192480527261834,50649.0,5.399218148433335,67.78759256211947,8019423.944903157,5928350.273713203,2091073.6711899536,26.075110700675225,2061772.2011899536,49.550232393311056,1316018.79,True,1.8478288299560868,75.53801177623266,True,47.6,69.0,Volume driver - renegotiate cost
10754,PERFECTA WINES,54.0,533291.0,5485319.29,27909.7,15.907407407407407,35.166666666666664,3.2404781764455013,5513228.99,10.285790103339453,101579.98685185185,0.5088072092882674,0.20370875614442036,897.0,100710.0,142985.0,1611990.86,2160511.18,23.630797226040748,15.48042446500749,True,634001.0,491016.0,0.7744719645552609,121847.5,4.029758509612425,90.82430104110661,11603099.530741625,7601136.099110117,4001963.4316315074,34.49046887022365,3974053.731631507,34.02750807160284,2160511.18,True,1.7603433252691865,77.29835510150185,True,55.6,47.0,Margin builder - tighten stock levels
9815,WINE GROUP INC,54.0,863638.0,5109629.2299999995,26280.87,16.51851851851852,35.74074074074074,3.4243343423693076,5135910.1,5.916401582607527,94622.7635185185,0.5143400590731316,0.20730275166809708,215.0,85442.0,104773.0,481985.89,592073.44,9.215253528901506,5.646554320111453,True,949080.0,844307.0,0.8896057234374342,95107.5,8.877396630129065,41.22830321198332,7780503.061226244,4767425.338350341,3013077.7228759034,38.72600138018618,2986796.8528759032,22.84040929081968,592073.44,True,1.6397772370386179,78.93813233854047,True,77.5,5.0,Star - expand
11567,CAMPARI AMERICA,54.0,491539.0,4061816.49,20589.26,16.51851851851852,36.18518518518518,3.130740708912676,4082405.75,8.263467374918369,75218.82388888889,0.5068978387056574,0.18952914605525167,74.0,58915.0,69743.0,707994.56,745818.03,15.25517449361874,11.299822708265324,True,550454.0,480711.0,0.8732991312625579,64329.0,7.472695051998321,48.97831337331578,7333330.186001958,5431949.073912933,1901381.1120890258,25.92793538355097,1880791.8520890258,5.342339071079864,745818.03,True,1.3035141928155318,80.241646531356,True,57.1,41.0,Volume driver - renegotiate cost
2000,SOUTHERN WINE & SPIRITS NE,66.0,400167.0,3672315.05,18695.57,15.984848484848484,36.42424242424242,3.1156795739387597,3691010.6199999996,9.176956245767391,55641.137121212116,0.5090949372657991,0.19491455154498402,417.0,58953.0,64844.0,1088443.04,1120668.21,27.483869802983918,17.844626687237977,True,459120.0,394276.0,0.8587645931346924,61898.5,6.369718167645419,57.459371100447406,10836230.250441287,7035708.03173744,3800522.2187038464,35.072364935666414,3781826.6487038466,2.960666641774835,1120668.21,True,1.1785157699640634,81.42016230132006,True,73.1,10.0,Star - expand
8664,"STOLI GROUP,(USA) LLC",54.0,306388.0,3597593.51,18200.06,17.0,34.27777777777778,3.2096552451085505,3615793.57,11.74195304646396,66622.10203703704,0.5058953978377619,0.18880324971226767,48.0,36806.0,76957.0,507809.62,623879.18,12.85000720796744,9.947775638828091,True,343194.0,266237.0,0.7757623967784985,56881.5,4.680555189297047,78.19585181623891,3421147.3690276276,2648465.9427546742,772681.4262729534,22.585447013133717,754481.3662729533,22.856904522604367,623879.18,True,1.154536206106654,82.57469850742672,True,28.9,107.0,Underperformer - review or exit
10000,MAJESTIC FINE WINES,54.0,438084.0,3441407.2800000003,17293.91,16.037037037037038,36.611111111111114,2.990317475181517,3458701.1900000004,7.855587695510451,63729.76444444445,0.502524362649689,0.186463214387762,40.0,43641.0,56245.0,378873.04,493737.08,13.137349978976031,8.736060308751977,True,481725.0,425480.0,0.8832425138824018,49943.0,8.519312015697896,42.96121556829933,5589679.6690547215,3717018.940167791,1872660.7288869303,33.50211174451109,1855366.8188869304,30.317290456982647,493737.08,True,1.1044130732599138,83.67911158068664,True,79.4,2.0,Star - expand
660,SAZERAC NORTH AMERICA INC.,53.0,481365.0,3387877.78,17198.0,16.132075471698112,36.15094339622642,2.9419887036927967,3405075.78,7.038064213226969,63922.222264150936,0.5076334247217148,0.1823688904043488,84.0,41549.0,52067.0,313711.32,350801.98,9.986693941206632,7.098287685865665,True,522914.0,470847.0,0.9004291336625143,46808.0,10.059113826696292,36.384914844949634,4702204.882135319,3342207.4620267907,1359997.4201085279,28.922547064579195,1342799.4201085279,11.823181898568395,350801.98,True,1.0872344382437562,84.76634601893039,True,70.7,13.0,Volume driver - renegotiate cost
7239,REMY COINTREAU USA INC,53.0,136450.0,3230350.59,16369.66,16.735849056603772,35.54716981132076,3.0643793661775733,3246720.25,23.67424397215097,60950.011132075466,0.5067456161159276,0.1831027129734063,45.0,19615.0,26783.0,441009.47,646984.95,31.232499676710205,23.449166343376866,True,156065.0,129282.0,0.8283856085605357,23199.0,5.572740204319151,65.67684596463545,4037800.0232044486,3031555.1232044483,1006244.9000000004,24.920622473062252,989875.2400000003,46.70545510054466,646984.95,True,1.0366809658195628,85.80302698474995,True,41.3,83.0,Volume driver - renegotiate cost
7153,PINE STATE TRADING CO,54.0,410312.0,3026122.21,15390.66,16.074074074074073,34.27777777777778,2.9832984901283264,3041512.87,7.375173550858858,56039.30018518519,0.5085934715108548,0.18559691067618622,480.0,73220.0,80746.0,674554.18,790592.09,14.473523635088267,9.516037761583727,True,483532.0,402786.0,0.8330079498357916,76983.0,5.232142161256381,69.95222773383385,5829732.690882662,3832926.785837263,1996805.9050453994,34.252100583758825,1981415.2450453995,17.20216306420337,790592.09,True,0.9711401929754102,86.77416717772536,True,61.4,23.0,Star - expand
8673,STE MICHELLE WINE ESTATES,54.0,411345.0,3007382.16,15507.5,16.64814814814815,34.5,3.348654516664512,3022889.66,7.3110944827334725,55692.26222222223,0.5156478018078021,0.20114276295871372,144.0,65394.0,66542.0,519808.06,566404.76,13.029031348532621,8.23287669779287,True,476739.0,410197.0,0.8604225792309839,65968.0,6.218120907106476,58.860225696433666,5344469.572074035,3377101.322804542,1967368.2492694934,36.81129105027376,1951860.7492694934,8.964212674963141,566404.76,True,0.965126154377356,87.73929333210272,True,64.9,16.0,Star - expand
9819,TREASURY WINE ESTATES,54.0,487654.0,2903971.85,14470.47,16.0,34.925925925925924,3.0837370125002797,2918442.3200000003,5.954984169103504,53777.25648148148,0.4982992517644411,0.19273356328126748,111.0,71716.0,74178.0,468934.71,524992.19,11.364200035642316,6.812664674352613,True,559370.0,485192.0,0.8673900995763091,72947.0,6.65129477565904,55.026880080462995,5513818.943693367,3305450.3986784928,2208368.545014874,40.051524498111725,2193898.075014874,11.95421853076304,524992.19,True,0.9319398183869643,88.67123315048968,True,79.0,3.0,Star - expand
3924,HEAVEN HILL DISTILLERIES,54.0,346500.0,2773519.92,13854.16,16.11111111111111,35.407407407407405,3.0010480349664688,2787374.08,8.004386493506493,51361.479999999996,0.4995154316396617,0.18627194699791877,69.0,29040.0,38777.0,235530.83,346257.74,12.353653656162908,8.5788013329991,True,375540.0,336763.0,0.8967433562336902,33908.5,9.93152159488034,36.85235907745209,4160253.4662103895,2889022.873304776,1271230.5929056136,30.55656592153719,1257376.4329056137,47.0116417455838,346257.74,True,0.8900753120376933,89.56130846252738,True,72.3,11.0,Star - expand
6785,PALM BAY INTERNATIONAL INC,54.0,367789.0,2634237.03,13324.6,15.851851851851851,36.18518518518518,2.935838457636273,2647561.63,7.16235947785279,48782.16722222222,0.5058238817635937,0.1852047625144378,174.0,43175.0,45780.0,353659.07,376289.7,12.253363498398066,8.205820583441065,True,410964.0,365184.0,0.8886033813180717,44477.5,8.21053341577202,44.576884529442694,4474732.295798999,2996634.383943342,1478097.9118556571,33.032096986971396,1464773.311855657,6.398996072686615,376289.7,True,0.8453767826042858,90.40668524513167,True,76.2,6.0,Star - expand
8892,TRINCHERO FAMILY ESTATES,54.0,340040.0,2175075.75,11225.72,16.14814814814815,33.907407407407405,3.0862287385569167,2186301.47,6.396529084813551,40279.180555555555,0.5161070827073493,0.19111966958953383,153.0,42883.0,48684.0,281543.02,330864.73,10.525073989537715,6.68808358906593,True,382923.0,334239.0,0.872862168112127,45783.5,7.3004248255375845,50.13406873524634,3517890.2051890963,2235418.3707258073,1282471.834463289,36.45570952076807,1271246.114463289,17.51835651972475,330864.73,True,0.6980231917306258,91.1047084368623,True,72.0,12.0,Star - expand
8352,LUXCO INC,53.0,271443.0,1951124.0,9785.35,16.471698113207548,35.113207547169814,3.0609436301754656,1960909.35,7.187969481622293,36813.660377358494,0.5015237370869304,0.18583048384799503,69.0,54302.0,50609.0,281998.82,323506.24,7.753024849634452,5.771606981155455,True,325745.0,275136.0,0.8446361417673334,52455.5,5.24513158772674,69.77899293440335,2133136.2450290243,1587976.8583671872,545159.3866618371,25.556707309823967,535374.0366618371,14.719004852573491,323506.24,True,0.6261528141915175,91.73086125105381,True,45.2,76.0,Volume driver - renegotiate cost
2561,EDRINGTON AMERICAS,53.0,61271.0,1840353.45,9463.34,15.981132075471699,35.24528301886792,2.831760569774271,1849816.79,30.03628878262147,34723.65,0.5142131800823369,0.1771939907887088,33.0,11589.0,13827.0,471559.57,551059.62,55.53657223570604,40.68830581307444,True,72860.0,59033.0,0.8102250892121877,12708.0,4.645341517154549,78.78860976064234,3278490.4687904348,2401952.7570632235,876537.7117272113,26.736015250658962,867074.3717272113,16.858962272783476,551059.62,True,0.5906044371472895,92.3214656882011,True,45.3,74.0,Underperformer - review or exit
6213,MHW LTD,54.0,209630.0,1826631.59,9282.22,16.88888888888889,34.851851851851855,3.2369719525172975,1835913.81,8.713598196822975,33826.510925925926,0.5081604879065953,0.19166281297799787,96.0,32529.0,35380.0,324440.77,345595.59,13.797669086571736,9.866679821525866,True,242159.0,206779.0,0.8538976457616689,33954.5,6.089884993152602,60.09965712185473,2853068.216052217,2040222.186815297,812846.02923692,28.49024165155269,803563.80923692,6.5203950785839915,345595.59,True,0.5862008311976206,92.90766651939872,True,49.6,67.0,Volume driver - renegotiate cost
4692,KOBRAND CORPORATION,54.0,156470.0,1746855.22,8832.92,17.22222222222222,34.94444444444444,3.0755681583823407,1755688.14,11.164154278775484,32349.17074074074,0.5056469419371801,0.17858137693832946,242.0,27542.0,26913.0,369778.0,383277.55,20.997730419612523,13.82895142778441,True,184012.0,157099.0,0.8537432341369041,27227.5,5.769865026168396,63.433026308251485,3298722.4511907077,2172514.440353503,1126208.0108372048,34.1407325866621,1117375.0908372048,3.650717457501525,383277.55,True,0.5605990762187039,93.46826559561742,True,62.9,22.0,Star - expand
3089,SIDNEY FRANK IMPORTING CO,54.0,179772.0,1656429.63,8258.1,16.24074074074074,36.166666666666664,3.0894536684100435,1664687.73,9.214057973433015,30674.622777777775,0.4985481936833019,0.1902286181233094,13.0,30043.0,27866.0,271093.19,270407.02,12.195201264052221,9.350881728228773,True,209815.0,181949.0,0.8671877606462837,28954.5,6.283962769172322,58.24350230009508,2218904.6747930376,1701383.579569497,517521.0952235407,23.32326850732382,509262.9952235407,-0.2531122231436296,270407.02,True,0.5315797839269641,93.99984537954438,True,50.6,63.0,Volume driver - renegotiate cost
1485,CASTLE BRANDS CORP.,53.0,98944.0,1576377.93,7956.22,16.433962264150942,35.81132075471698,3.1163923543483625,1584334.15,15.932021446474772,29742.979811320754,0.5047152620311045,0.18963122248043998,29.0,14702.0,16247.0,263958.37,275294.46,23.8130314388187,17.423917735629583,True,113646.0,97399.0,0.8570385231332383,15474.5,6.294161362241106,58.149128841158536,2319365.4491095026,1697072.1635325858,622293.2855769168,26.830324898382884,614337.0655769168,4.29465070571546,275294.46,True,0.5058896703125475,94.50573504985692,True,54.2,54.0,Volume driver - renegotiate cost
516,BANFI PRODUCTS CORP,54.0,213967.0,1529676.79,8034.3,16.38888888888889,35.425925925925924,3.176664125864341,1537711.09,7.149124818313105,28327.347962962962,0.5252286007425137,0.19383035344256994,149.0,49405.0,56468.0,415560.62,439516.38,14.463284595694843,8.076440641145524,True,263372.0,206904.0,0.7855960390626187,52936.5,3.908531920319628,93.64129741329313,2992511.4359876458,1671047.8744155734,1321463.5615720723,44.159014588224544,1313429.2615720723,5.7646848250443,439516.38,True,0.49090238593853947,94.99663743579546,True,60.2,26.0,Margin builder - tighten stock levels
653,STATE WINE & SPIRITS,54.0,149590.0,1481052.81,7757.25,16.14814814814815,35.55555555555556,3.3274581346750813,1488810.06,9.900747443010896,27426.90388888889,0.5237659283736141,0.2060581872390532,258.0,31132.0,27524.0,328758.56,302272.5,16.200242771412984,10.758167280414622,True,180722.0,153198.0,0.8476997819855911,29328.0,5.2236088379705405,70.06650217365761,2481844.7920949263,1648129.711024959,833715.0810699672,33.59255517208342,825957.8310699672,-8.05638642534509,302272.5,True,0.4752980256240787,95.47193546141955,True,57.3,40.0,Star - expand
2242,DELICATO VINEYARDS INC,53.0,183219.0,1479415.11,7577.9,15.830188679245284,36.54716981132076,3.1362388611973993,1486993.01,8.074572560706041,27913.492641509434,0.5122226986041801,0.19811759194691556,96.0,24797.0,27075.0,181870.77,209893.86,11.49751079580506,7.55252602560148,True,208016.0,180941.0,0.8698417429428505,25936.0,6.976442011104257,52.46227223238514,2080371.1009037632,1366561.6115983576,713809.4893054056,34.31164223514303,706231.5893054056,15.408242896865723,209893.86,True,0.47477245653477346,95.94670791795433,True,73.7,7.0,Star - expand
1590,DIAGEO CHATEAU ESTATE WINES,54.0,183317.0,1331574.55,7083.48,15.851851851851851,35.5,3.411453557336584,1338658.03,7.26378104594773,24658.787962962964,0.5319627053551,0.21520851880394337,117.0,42629.0,39752.0,345446.87,337404.34,12.869212439761597,8.288940532404316,True,225946.0,186194.0,0.8240641569224505,41190.5,4.520314150107428,80.96782388261705,2396170.141008971,1543350.9934904892,852819.1475184816,35.59092624196458,845735.6675184816,-2.3281525173465805,337404.34,True,0.4273276079779161,96.37403552593224,True,59.1,31.0,Margin builder - tighten stock levels
1587,VINEYARD BRANDS INC,56.0,169264.0,1182486.91,5959.16,16.428571428571427,35.392857142857146,3.3130987574510025,1188446.0699999998,6.986050843652519,21115.837678571428,0.5039514560038555,0.2016668808883219,87.0,19874.0,25816.0,163729.27,201105.37,12.601162179908076,7.984999781133728,True,189138.0,163322.0,0.8635070689126458,22845.0,7.149135478222806,51.19500128580351,2058047.009546947,1304126.1342543226,753920.8752926243,36.63283062997625,747961.7152926243,22.827989155512636,201105.37,True,0.3794825477217909,96.75351807365404,True,73.5,8.0,Star - expand
2555,DISARONNO INTERNATIONAL LLC,54.0,100060.0,1113007.23,5719.22,16.01851851851852,36.5,3.0928446986292855,1118726.45,11.123398261043373,20611.245,0.513852906418227,0.1930793222265681,12.0,13844.0,13545.0,135422.14,120724.51,13.120106977253641,9.3521724049801,True,113904.0,100359.0,0.8810840707964602,13694.5,7.328416517580051,49.9425761516157,1316720.8161301983,938574.6703913979,378146.1457388004,28.718779342317998,372426.92573880043,-10.853195792061785,120724.51,True,0.35718519647137015,97.11070327012541,True,63.0,21.0,Volume driver - renegotiate cost
9744,FREDERICK WILDMAN & SONS,54.0,68087.0,736944.55,3885.16,16.11111111111111,36.0,2.6611578319012392,740829.7100000001,10.82357204752743,13647.121296296296,0.5271984167601212,0.16517531370421484,149.0,23311.0,22937.0,271007.63,283298.08,18.496623854004497,11.985506616502335,True,91398.0,68461.0,0.7490426486356375,23124.0,2.960603701781699,123.62343524050189,1266297.3656690018,820539.7684723663,445757.59719663556,35.20165241448922,441872.4371966356,4.535093716734105,283298.08,True,0.23649952739323668,97.34720279751865,True,54.6,53.0,Margin builder - tighten stock levels
8320,SHAW ROSS INT L IMP LTD,54.0,67690.0,611597.1,3091.7,17.11111111111111,34.48148148148148,3.3739661822167304,614688.7999999999,9.035265179494756,11325.872222222222,0.5055125343138481,0.19717984181786088,38.0,7155.0,8136.0,60863.240000000005,78851.5,12.72853900987509,9.137057092407298,True,74845.0,66709.0,0.8912953437103347,7645.5,8.72526322673468,41.94715855431801,849108.1088097574,609523.9415773985,239584.16723235894,28.215979184110907,236492.46723235893,29.555212637381768,78851.5,True,0.19627314579512678,97.54347594331378,True,58.5,33.0,Volume driver - renegotiate cost
90024,VINILANDIA USA,53.0,57111.0,526242.67,2688.29,16.07547169811321,35.58490566037736,3.161359594345528,528930.9600000001,9.214383743937246,9929.106981132076,0.5108460703120101,0.19665734565764434,206.0,13515.0,15608.0,123958.34,157369.45,15.465033478693815,9.659986608522473,True,70626.0,55018.0,0.7790048990456773,14561.5,3.7783195412560517,96.8684612308699,850855.2119307764,531473.1432276894,319382.06870308693,37.53659426711852,316693.77870308695,26.953499054601743,157369.45,True,0.16888128523259313,97.71235722854637,True,59.3,29.0,Margin builder - tighten stock levels
9206,PHILLIPS PRODUCTS CO.,54.0,39557.0,424692.31,2178.06,16.425925925925927,35.55555555555556,3.0443380905385395,426870.37,10.736211290037161,7864.672407407407,0.5128560015602825,0.1853373809347025,33.0,8839.0,5213.0,76067.31,85768.83,16.24071164247082,11.516947053800171,True,48396.0,43183.0,0.8922844863211836,7026.0,6.146171363506974,59.54926707269065,701322.6508568175,497336.3246242528,203986.3262325647,29.085945817285552,201808.2662325647,12.753862335870696,85768.83,True,0.13629184258509267,97.84864907113146,True,59.3,29.0,Volume driver - renegotiate cost
6359,OLE SMOKY DISTILLERY LLC,53.0,108698.0,377754.5,1876.61,17.20754716981132,34.320754716981135,2.8035587999625764,379631.11,3.47526633424718,7127.443396226415,0.4967803163165495,0.16292611447150937,18.0,2149.0,5421.0,30260.46,34297.69,11.379035667106999,8.528157199471599,True,110847.0,105426.0,0.9510947522260413,3785.0,27.853632760898282,13.140117238631836,1199646.2142404225,899089.5009114927,300556.71332892973,25.053779169322233,298680.10332892975,13.341601548687636,34297.69,True,0.1212286063051398,97.9698776774366,True,59.4,28.0,Volume driver - renegotiate cost
1655,FABRIZIA SPIRITS LLC,52.0,26977.0,345133.5,1756.8,16.365384615384617,35.67307692307692,3.080799782548491,346890.3,12.793620491529822,6637.182692307692,0.5090204225321506,0.18825098553762812,8.0,4215.0,6778.0,42332.12,91027.01,14.911768398071501,12.131277176384973,True,31192.0,24414.0,0.7827006924852526,5496.5,4.441735649959065,82.40022118456623,364055.9136705176,296173.00098426273,67882.91268625489,18.646287599572172,66126.11268625488,115.03059615251962,91027.01,True,0.11075990674952903,98.08063758418614,True,31.2,102.0,Underperformer - review or exit
9625,WESTERN SPIRITS BEVERAGE CO,54.0,52243.0,323948.73,1746.69,16.35185185185185,35.24074074074074,3.3934309871324135,325695.42,6.200806423827116,5999.050555555556,0.5391871732295417,0.20752579083255984,26.0,5912.0,13393.0,80482.74,104578.0,12.47958818958819,9.586155918155917,True,58155.0,44762.0,0.7697016593586106,9652.5,4.637347837347837,78.92442250122872,558611.3265423466,429095.5112084952,129515.81533385144,23.185318517531563,127769.12533385144,29.938419094578535,104578.0,True,0.10396131098959782,98.18459889517574,True,26.1,111.0,Underperformer - review or exit
4380,CHARLES JACQUIN ET CIE INC,53.0,41617.0,310021.98,1581.84,16.867924528301888,34.54716981132076,3.29940400124405,311603.82,7.44940721339837,5849.4713207547165,0.5102347904493739,0.19560225063303652,15.0,4070.0,4543.0,38256.59,42404.3,12.500449320794148,9.365016835016835,True,45687.0,41144.0,0.9005625232560684,4306.5,9.553930105654244,38.30884211549679,514318.48685475445,385314.25265993265,129004.2341948218,25.082558277018162,127422.3941948218,10.841818363842691,42404.3,True,0.09949195194063848,98.28409084711637,True,53.0,56.0,Volume driver - renegotiate cost
4950,LATITUDE BEVERAGE COMPANY,54.0,51857.0,308864.99,1570.57,16.314814814814813,34.648148148148145,3.501073011122496,310435.56,5.956090595290896,5719.722037037037,0.5084972563578669,0.21459471350807582,45.0,4825.0,8126.0,27973.4,49100.64,10.1762404447533,5.9512037680488,True,56682.0,48556.0,0.8566387918563212,6475.5,7.498417110647827,48.81030150753769,494117.53103544126,288966.65016137756,205150.8808740637,41.51864040204414,203580.3108740637,75.52617844094746,49100.64,True,0.09912065183644651,98.38321149895282,True,73.3,9.0,Star - expand
5992,MCCORMICK DISTILLING CO,53.0,29098.0,303152.8,1530.11,16.41509433962264,34.56603773584906,3.543325047857596,304682.91,10.418338030105161,5719.864150943396,0.5047322670283764,0.21585773280052023,35.0,4366.0,4919.0,43010.17,50055.259999999995,13.055449649973076,10.023201938610661,True,33464.0,28545.0,0.8530062156347119,4642.5,6.148626817447496,59.525486074619025,372667.8102584814,286112.29933764134,86555.51092084008,23.225915557559272,85025.40092084008,16.380056158810806,50055.259999999995,True,0.09728750138383734,98.48049900033665,True,39.8,84.0,Volume driver - renegotiate cost
90047,CRUSH WINES,54.0,25877.0,281503.22,1431.0,16.314814814814813,35.129629629629626,3.2320568488956627,282934.22,10.878510646520075,5213.022592592592,0.5083423202050763,0.19810564113548898,165.0,6405.0,7421.0,69078.91,93032.81,18.647543758136845,11.725135252422971,True,32282.0,24861.0,0.7701195712781116,6913.0,3.5962679010559815,101.77217328345601,463596.5853710401,291498.5875104875,172097.99786055263,37.12236096881813,170666.99786055263,34.676140662902746,93032.81,True,0.09033973925131045,98.57083873958796,True,55.8,46.0,Margin builder - tighten stock levels
17031,FLAG HILL WINERY & VINEYARD,53.0,19188.0,281173.13,1477.16,16.90566037735849,34.113207547169814,2.6476706086046824,282650.29,14.653592349385033,5305.153396226415,0.5253560324203099,0.1566144444821966,19.0,7166.0,6986.0,102163.2,104048.32,20.21933154324477,14.5711927642736,True,26354.0,19368.0,0.7349169006602413,7076.0,2.7371396269078576,133.71623296158612,391608.0133295647,282214.8614584511,109393.15187111363,27.934349693465503,107915.99187111363,1.8452045354883266,104048.32,True,0.09023380708993246,98.66107254667789,True,30.8,103.0,Underperformer - review or exit
1273,CALEDONIA SPIRITS INC,53.0,7979.0,252781.52,1286.34,16.71698113207547,35.20754716981132,3.2603524968143107,254067.86,31.680852237122444,4769.4626415094335,0.5088742246664234,0.19503237283426464,5.0,295.0,1335.0,9424.83,44920.17,42.91638036809816,33.34049079754601,True,8274.0,6939.0,0.8386511965192168,815.0,8.514110429447852,42.98746217034155,297796.76337423315,231349.66564417176,66447.09773006139,22.31290124753945,65160.75773006139,376.6151750217245,44920.17,True,0.08112239925479332,98.74219494593268,True,41.8,81.0,Volume driver - renegotiate cost
1601,VRANKEN AMERICA,53.0,12664.0,200345.64,1012.24,16.49056603773585,35.62264150943396,3.3375638369546516,201357.88,15.820091598231208,3780.10641509434,0.5052468324242044,0.20239231505560243,21.0,4230.0,3855.0,84796.06999999999,73174.46,29.4904329004329,19.538717377860234,True,16894.0,13039.0,0.7718124778027702,4042.5,3.22547928262214,113.47150855126927,384525.7545887446,254765.3358899196,129760.418698825,33.74557286484114,128748.178698825,-13.705363939625961,73174.46,True,0.06429472770413396,98.80648967363682,True,51.2,61.0,Margin builder - tighten stock levels
4848,LAIRD & CO,54.0,20911.0,197726.5,1015.68,16.074074074074073,36.48148148148148,2.945106922823404,198742.18,9.45562144325953,3661.6018518518517,0.5136792488614322,0.1832209375950044,16.0,1839.0,3120.0,17396.12,37025.92,14.823635813672112,10.974398064125833,True,22750.0,19630.0,0.8628571428571429,2479.5,7.916918733615648,46.2301069791136,290987.97102238354,215427.4339987901,75560.53702359344,25.966893668529394,74544.85702359345,112.84010457504317,37025.92,True,0.06345419584569667,98.86994386948251,True,57.6,38.0,Volume driver - renegotiate cost
5270,MANGO BOTTLING INC,37.0,27235.0,196113.04,992.43,16.864864864864863,36.108108108108105,2.6474533062943735,197105.47,7.200772535340555,5300.352432432433,0.5060499801543028,0.15698040437963434,6.0,509.0,2048.0,3779.18,14776.349999999999,9.189061400078215,7.25675791943684,True,27744.0,25696.0,0.9261822376009228,1278.5,20.09855299178725,18.210266189290163,236122.1217364098,186469.65149784903,49652.47023856078,21.02830089507213,48660.04023856078,290.9935488650977,14776.349999999999,True,0.06293640583358803,98.9328802753161,True,55.9,45.0,Volume driver - renegotiate cost
2496,DUGGANS DISTILLED PRODUCTS,54.0,18695.0,182596.59,931.62,16.11111111111111,34.05555555555556,3.379553764596554,183528.21,9.767135062851029,3381.418333333333,0.5102066802014211,0.20976540607840682,5.0,1052.0,4128.0,17343.56,49746.38999999999,17.92938223938224,12.951727799227799,True,19747.0,15619.0,0.7909555881906112,2590.0,6.030501930501931,60.69146552276074,280039.02119691117,202293.036496139,77745.98470077218,27.762554078527728,76814.36470077219,186.82917463312023,49746.38999999999,True,0.05859871986110298,98.9914789951772,True,43.3,79.0,Volume driver - renegotiate cost
8150,SEA HAGG DISTILLERY LLC,53.0,14871.0,181255.36000000002,904.97,15.849056603773585,36.56603773584906,3.212931960872489,182160.33000000002,12.188511868737812,3419.912452830189,0.4992790282174276,0.20272070705504988,9.0,823.0,3075.0,12967.970000000001,39534.97,18.171246793227297,13.469199589533094,True,15694.0,12619.0,0.8040652478654263,1949.0,6.4746023601847105,56.528568032332196,229302.96328373527,169967.8296203181,59335.13366341716,25.876304786343713,58430.16366341716,204.8662975006882,39534.97,True,0.05816829363551297,99.04964728881272,True,51.2,61.0,Volume driver - renegotiate cost
5455,MARSALLE COMPANY,53.0,6787.0,175853.76,888.65,16.830188679245282,36.16981132075472,2.7992845861906854,176742.41,25.910381611905112,3317.9954716981133,0.5053346598901268,0.16632520523330308,10.0,1849.0,2367.0,47701.74,59369.85,32.2369165085389,25.396487191650852,True,8636.0,6269.0,0.7259147753589624,2108.0,2.9739089184060723,123.07034614771095,202093.22959203034,159210.5782044592,42882.65138757115,21.219241967748857,41994.00138757115,24.460554269089556,59369.85,True,0.056434817423269716,99.10608210623599,True,27.0,110.0,Underperformer - review or exit
98450,Serralles Usa LLC,53.0,10226.0,165576.11,838.25,16.169811320754718,36.43396226415094,3.6254222515697485,166414.36,16.191679053393308,3124.077547169811,0.5062626486393478,0.22420931077385842,16.0,2222.0,2078.0,32628.61,46157.53,23.87720930232558,18.322358139534884,True,12448.0,10370.0,0.8330655526992288,2150.0,4.823255813953488,75.88235294117648,247606.66046511623,190002.85390697676,57603.80655813948,23.264239520024923,56765.55655813948,41.463366045933306,46157.53,True,0.05313652399303388,99.15921863022902,True,38.8,85.0,Underperformer - review or exit
4466,AMERICAN VINTAGE BEVERAGE,54.0,15365.0,152372.25,774.38,16.0,36.0,2.6206725335878738,153146.63,9.916840221282134,2821.7083333333335,0.5082158988923507,0.1637920333492421,3.0,1155.0,2296.0,10831.65,22896.32,12.99,9.7733903216459,True,16520.0,14224.0,0.8610169491525423,1725.5,8.24340770791075,44.39911417322835,184769.76,139016.7039350913,45753.05606490871,24.762199217506545,44978.676064908715,111.38349189643316,22896.32,True,0.04889915409896729,99.20811778432798,True,56.6,43.0,Volume driver - renegotiate cost
90032,LABELLE VYDS AND WINERY,53.0,12132.0,138889.62,742.48,16.471698113207548,35.867924528301884,3.135428897080943,139632.1,11.448204747774481,2620.5588679245284,0.5345827859562147,0.19035249890640316,10.0,6113.0,6538.0,65235.54,76538.79,16.748279977867362,11.206571022053591,True,18245.0,11707.0,0.6416552480131543,6325.5,1.8507627855505493,197.7562996497822,196072.1137008932,131195.3269551814,64876.78674571181,33.08822734714889,64134.30674571181,17.326828290223382,76538.79,True,0.04457232160795032,99.25269010593593,True,37.0,92.0,Margin builder - tighten stock levels
10050,Russian Standard Vodka,50.0,12607.0,135904.83000000002,717.29,16.78,36.66,3.1576922598890578,136622.12000000002,10.780108669786628,2718.0966000000003,0.5277884531403334,0.18818189868230378,13.0,6567.0,4158.0,29629.829999999998,68079.36,12.146317016317015,9.110413986013986,True,19174.0,15016.0,0.7831438406175029,5362.5,2.80018648018648,130.70558071390516,182389.0963170163,136801.976413986,45587.11990303028,24.99443268461282,44869.82990303028,129.76628620548954,68079.36,True,0.043614445707561275,99.29630455164349,True,29.3,106.0,Underperformer - review or exit
90056,SWEET BABY VINEYARD,53.0,16187.0,135397.56,680.33,16.69811320754717,35.54716981132076,3.048233445913181,136077.88999999998,8.364586396491012,2554.6709433962264,0.5024684344385527,0.18254957359706053,4.0,1091.0,3123.0,9061.45,26031.32,12.390213573801613,8.32766255339345,True,17278.0,14155.0,0.8192499131843963,2107.0,6.718082581869957,54.47983044860473,175383.47313716184,117878.06344328429,57505.40969387755,32.788385738549266,56825.079693877546,187.27543605052168,26031.32,True,0.04345165311311061,99.3397562047566,True,61.4,23.0,Star - expand
7255,PSP WINES,52.0,15591.0,121995.07,614.46,17.057692307692307,34.30769230769231,3.528113763329988,122609.53000000001,7.824711051247515,2346.0590384615384,0.5036760911731925,0.2068341777825923,32.0,3440.0,5339.0,32196.98,46593.53,13.31606219387174,8.97488438318715,True,19031.0,13692.0,0.7194577268666912,4389.5,3.1192618749288075,117.33545135845749,182323.52355849187,122884.11697459847,59439.406583893404,32.60106289292091,58824.946583893405,44.71397627976288,46593.53,True,0.03915053907285809,99.37890674382946,True,38.3,86.0,Margin builder - tighten stock levels
1189,BULLY BOY DISTILLERS,52.0,5162.0,113037.82,582.98,16.057692307692307,34.36538461538461,3.244382545192153,113620.8,21.898066640836888,2173.804230769231,0.5157388916382145,0.20204538005987063,6.0,239.0,1174.0,5269.95,25853.98,26.99778485491861,22.026843595187543,True,5401.0,4227.0,0.782632845769302,706.5,5.983014861995754,61.17317246273953,114119.63658174097,93107.46787685774,21012.168704883225,18.412404152577846,20429.188704883225,390.59251036537347,25853.98,True,0.03627598712489529,99.41518273095436,True,29.4,105.0,Volume driver - renegotiate cost
6355,NICHE W & S,54.0,9136.0,108401.81,537.8,16.59259259259259,35.148148148148145,3.0126683372274443,108939.61,11.865346978984238,2007.440925925926,0.4961171773792338,0.1815670649668326,8.0,3940.0,2813.0,18400.32,43137.57,12.074851177254553,9.112674366948022,True,13076.0,10263.0,0.7848730498623432,3376.5,3.039537983118614,120.41303712364807,123924.19763216347,93523.37702798755,30400.820604175926,24.531787322450775,29863.020604175927,134.43923801325195,43137.57,True,0.034788203309966036,99.44997093426433,True,34.7,96.0,Underperformer - review or exit
17033,SEA BREEZE CELLARS LLC,52.0,8267.0,106679.66,537.3,16.51923076923077,34.13461538461539,2.9271573885040603,107216.96,12.904277246885206,2051.5319230769232,0.5036573982331777,0.17719695483377315,16.0,1699.0,3066.0,23155.84,42740.04,23.073735571878277,13.829145855194122,True,9966.0,6900.0,0.6923540036122817,2382.5,2.8961175236096537,126.37608695652175,159208.7754459601,95421.10640083945,63787.66904512067,40.065422817583304,63250.369045120664,84.57564052955972,42740.04,True,0.03423553260889326,99.48420646687322,True,55.5,48.0,Margin builder - tighten stock levels
90010,VINEXTRA INC,54.0,8335.0,100039.85,513.24,15.907407407407407,34.94444444444444,3.042271485773688,100553.09000000001,12.002381523695261,1852.5898148148149,0.5130355553312005,0.19124873135247863,47.0,2364.0,2873.0,31662.010000000002,38447.9,19.96383998472408,13.387418369295398,True,10699.0,7826.0,0.7314702308626975,2618.5,2.9887340080198586,122.45987733197036,156237.01172045062,104769.93615810579,51467.075562344835,32.94166663558124,50953.83556234484,21.432277988668435,38447.9,True,0.03210469124914525,99.51631115812236,True,45.3,74.0,Margin builder - tighten stock levels
4550,KLIN SPIRITS LLC,53.0,6592.0,99743.7,510.93,17.18867924528302,34.660377358490564,3.076315252010636,100254.62999999999,15.13102245145631,1881.956603773585,0.5122428784975893,0.1789733351883246,4.0,875.0,1109.0,12554.630000000001,17722.739999999998,23.296451612903223,15.260771169354838,True,7467.0,6358.0,0.8514798446497924,992.0,6.409274193548387,57.104749921358916,148118.83935483868,97027.98309475806,51090.85626008062,34.49315190600811,50579.92626008062,41.16497260373262,17722.739999999998,True,0.0320096510795185,99.54832080920188,True,63.7,19.0,Star - expand
7154,PREMIER DISTRIBUTORS,53.0,5632.0,80526.22,412.75,16.18867924528302,36.9622641509434,2.961656265917025,80938.97,14.29797940340909,1519.362641509434,0.5125659691961202,0.18294613297622647,7.0,1154.0,1504.0,16092.26,17747.88,16.993574115876598,12.73142964635064,True,6786.0,5282.0,0.7783672266430887,1329.0,3.9744168547780285,92.08898144642181,89760.0584800602,67247.41139202408,22512.647088036116,25.08091847225924,22099.897088036116,10.2883000896083,17747.88,True,0.025842396110757317,99.57416320531264,True,38.3,86.0,Underperformer - review or exit
90058,ZORVINO VINEYARDS,53.0,9744.0,79599.97,418.09,16.39622641509434,34.15094339622642,3.2305014057210597,80018.06,8.169126642036124,1501.8862264150944,0.5252388914216927,0.19702712831210145,6.0,3334.0,3743.0,27887.88,30752.14,12.405642221280203,8.285999717394377,True,13078.0,9335.0,0.7137941581281542,3538.5,2.6381234986576234,138.7349758971612,115806.6701356507,77349.8073618765,38456.86277377419,33.20781327079654,38038.772773774195,10.27062652306306,30752.14,True,0.025545144862684468,99.59970835017533,True,38.0,89.0,Margin builder - tighten stock levels
60,ADAMBA IMPORTS INTL INC,33.0,4429.0,71840.44,344.98,16.454545454545453,35.75757575757576,2.937802208825812,72185.42,16.22046511627907,2176.9830303030303,0.48020307225289827,0.17854046572974547,3.0,10.0,764.0,114.39999999999999,12389.599999999999,15.028759689922481,16.15503875968992,True,4439.0,3675.0,0.8278891642261771,387.0,9.496124031007753,38.54204081632653,55230.691860465115,59369.76744186045,-4139.0755813953365,-7.494158486828847,-4484.055581395336,10730.069930069929,12389.599999999999,True,0.02305496405085318,99.62276331422619,True,47.5,70.0,Volume driver - renegotiate cost
17037,Dunn Wine Brokers,48.0,5342.0,70400.9,349.83,15.625,36.875,3.0570810720115134,70750.73,13.178753275926619,1466.6854166666665,0.49691126107762834,0.19565318860873684,35.0,411.0,1742.0,10615.439999999999,27118.66,26.26519739897817,17.526288899210403,True,5753.0,4011.0,0.6972014601077698,1076.5,3.7259637714816534,98.22961854899027,105349.70676730144,70297.94477473292,35051.761992568514,33.27181732929884,34701.93199256851,155.46430482391688,27118.66,True,0.022592988275791592,99.64535630250198,True,55.2,50.0,Margin builder - tighten stock levels
6215,MOONLIGHT MEADERY,52.0,7468.0,66853.81,340.84,16.346153846153847,34.82692307692308,3.155354088980769,67194.65,8.952036689876808,1285.6501923076924,0.5098288339886686,0.19303342661999998,7.0,3584.0,4428.0,32266.9,39622.7,13.346964553170245,8.972740888667,True,11052.0,6624.0,0.5993485342019544,4006.0,1.653519720419371,221.34601449275362,88410.29320019971,59435.435646530204,28974.857553669506,32.773172110240274,28634.017553669506,22.796735974016702,39622.7,True,0.021454659606936828,99.66681096210891,True,35.7,93.0,Margin builder - tighten stock levels
6830,PARK STREET IMPORTS LLC,31.0,4096.0,65615.03,339.90999999999997,16.0,36.32258064516129,2.489979919597747,65954.94,16.01929443359375,2116.613870967742,0.5180367973618238,0.15562374497485917,12.0,55.0,917.0,778.54,15637.92,22.89946502057613,16.889362139917694,True,4151.0,3234.0,0.7790893760539629,486.0,6.654320987654321,55.00185528756957,74056.8698765432,54620.19716049382,19436.672716049383,26.245603883139225,19096.762716049383,1908.6212654455778,15637.92,True,0.0210571115355871,99.6878680736445,True,49.7,66.0,Volume driver - renegotiate cost
28750,SMOKY QUARTZ DISTILLERY LLC,47.0,2920.0,63715.55,314.04,16.72340425531915,35.191489361702125,3.2949376695270662,64029.590000000004,21.82039383561644,1355.65,0.4928781121719894,0.19702553494627495,4.0,1085.0,1543.0,23175.83,33279.81,27.87280060882801,21.48235920852359,True,4005.0,2462.0,0.6147315855181024,1314.0,1.873668188736682,195.3387489845654,68622.83509893456,52889.56837138508,15733.266727549482,22.927159312008307,15419.226727549481,43.59705779685127,33279.81,True,0.02044753226358773,99.70831560590808,True,20.2,114.0,Underperformer - review or exit
7240,"PREMIUM PORT WINES, INC.",52.0,7878.0,57672.06,290.34,15.711538461538462,35.61538461538461,3.356799003144411,57962.399999999994,7.32064737242955,1109.0780769230769,0.5034326847350346,0.21365183373746557,3.0,1372.0,1515.0,10323.47,11436.99,11.125781087634223,7.537395219951507,True,9250.0,7735.0,0.8362162162162162,1443.5,5.358503636993419,68.30265029088558,86057.91671285071,58301.7520263249,27756.164686525808,32.25288938743399,27465.824686525808,10.786295693211686,11436.99,True,0.018508061337578773,99.72682366724567,True,56.9,42.0,Star - expand
17032,JEWELL TOWNE VINEYARDS,53.0,6308.0,51812.29,269.75,16.264150943396228,35.9811320754717,3.5903232305538815,52082.04,8.213742866201649,977.5903773584906,0.5206293719115677,0.22075073227303446,7.0,3145.0,3457.0,25869.89,28980.76,13.464931838836716,8.30818691305665,True,9453.0,5996.0,0.634295990690786,3301.0,1.8164192668888215,201.49533022014677,80735.73130566494,49815.88873068767,30919.842574977272,38.297593983406124,30650.092574977272,12.025060794614895,28980.76,True,0.016627549655074212,99.74345121690074,True,45.5,73.0,Margin builder - tighten stock levels
8735,SURVILLE ENTERPRISES CORP,53.0,6356.0,49937.89,256.52,16.69811320754717,35.132075471698116,2.7982474299541997,50194.409999999996,7.856810887350535,942.2243396226415,0.5136780909245464,0.16757865964697466,22.0,1565.0,1554.0,12163.59,11304.960000000001,11.56646681628727,7.524382815004809,True,7921.0,6367.0,0.8038126499179397,1559.5,4.082718820134659,89.64614418093294,73643.69421930105,47907.74538313562,25735.94883616543,34.946575004137124,25479.42883616543,-7.059017937960743,11304.960000000001,True,0.016026019032253428,99.75947723593299,True,57.6,38.0,Margin builder - tighten stock levels
2450,DJINN SPIRITS LLC,50.0,2526.0,46833.92,240.9,16.44,36.36,3.1568519581561456,47074.82,18.540744259699128,936.6784,0.5143707808357704,0.19202262519197966,6.0,818.0,1278.0,16430.03,24594.8,27.586374045801527,19.572915076335878,True,3344.0,2066.0,0.617822966507177,1048.0,1.9713740458015268,185.6573088092933,56993.448778625956,40437.642547709926,16555.80623091603,29.04861275411165,16314.90623091603,49.69418802035055,24594.8,True,0.015029896002314764,99.77450713193531,True,32.4,100.0,Underperformer - review or exit
90011,FORTUNE WINE BROKERS LLC,51.0,5004.0,46375.85,235.6,16.568627450980394,36.0,2.7148105050687,46611.45,9.267755795363708,909.3303921568627,0.508023033540086,0.1638524683532588,62.0,1343.0,1708.0,21854.73,22908.62,22.108321861684693,14.671697803998688,True,6347.0,4639.0,0.7308964865290688,1525.5,3.0409701737135366,120.35632679456779,102560.5051163553,68062.00611274992,34498.49900360538,33.6372163577653,34262.89900360538,4.822251292969529,22908.62,True,0.014882892623956081,99.78939002455927,True,51.7,60.0,Margin builder - tighten stock levels
90027,POVERTY LANE ORCHARDS,46.0,5780.0,44528.41,226.25,16.217391304347824,34.54347826086956,3.2517553787882414,44754.66,7.703877162629758,968.0089130434783,0.5081025799034817,0.20051038528721063,8.0,1392.0,923.0,11007.86,7370.31,11.968617710583155,7.938734341252701,True,7172.0,6249.0,0.8713050752928053,1157.5,5.398704103671706,67.7940470475276,74791.89207343414,49609.15089848813,25182.741174946008,33.670415972657075,24956.491174946008,-33.045024191804764,7370.31,True,0.014290013978083252,99.80368003853735,True,63.9,17.0,Star - expand
8920,TAKARA SAKE USA INC,54.0,8840.0,44122.06,226.69,16.925925925925927,34.870370370370374,2.7324179067359027,44348.75,4.991183257918552,817.0751851851851,0.5137792750383822,0.16143388070430933,3.0,921.0,1014.0,4271.47,4656.469999999999,6.52937984496124,4.613922480620154,True,9761.0,8747.0,0.896117201106444,967.5,9.040826873385013,40.48302275065737,57112.48550387597,40357.979937984484,16754.505565891486,29.335976920063178,16527.815565891487,9.013290506546905,4656.469999999999,True,0.014159608531762709,99.8178396470691,True,63.6,20.0,Volume driver - renegotiate cost
28776,TALL SHIP DISTILLERY LLC,50.0,2026.0,43786.04,234.74,17.16,35.06,3.3827895746147814,44020.78,21.612063178677197,875.7208,0.5361069418472189,0.19713225959293598,4.0,609.0,1059.0,12983.99,23028.73,27.73700239808153,21.590359712230217,True,2635.0,1576.0,0.5981024667931689,834.0,1.8896882494004796,193.68274111675126,43713.51577937649,34026.406906474826,9687.108872901663,22.160443286677776,9452.368872901663,77.36250567044492,23028.73,True,0.014051773320558996,99.83189142038967,True,10.9,115.0,Underperformer - review or exit
1650,Circa Wines,42.0,3236.0,41659.62,207.41,16.023809523809526,37.11904761904762,3.474563283581751,41867.030000000006,12.873800988875155,991.8957142857143,0.49786819946989436,0.21683753032753866,74.0,443.0,1308.0,4873.88,18576.43,20.22889206167904,13.39252427184466,True,3679.0,2371.0,0.6444686055993476,875.5,2.708166761850371,135.14677351328555,47962.70307824101,31753.67504854369,16209.028029697318,33.79506781186981,16001.618029697318,281.1425394141833,18576.43,True,0.013369364684740297,99.8452607850744,True,49.8,65.0,Margin builder - tighten stock levels
9622,WEIN BAUER INC,51.0,2870.0,41010.74,208.82,16.470588235294116,35.745098039215684,3.0288805930671523,41219.56,14.28945644599303,804.1321568627451,0.5091836918816876,0.18389632172193426,6.0,274.0,421.0,5015.249999999999,7071.24,22.540935251798558,17.390633093525178,True,3144.0,2723.0,0.8660941475826972,347.5,7.835971223021582,46.70767535806097,61378.966690647474,47354.69391366906,14024.27277697841,22.848662226037998,13815.45277697841,40.994765963810394,7071.24,True,0.013161126746981038,99.85842191182138,True,48.6,68.0,Volume driver - renegotiate cost
388,ATLANTIC IMPORTING COMPANY,52.0,1794.0,39986.36,205.53,16.576923076923077,35.19230769230769,3.7954883115850304,40191.89,22.288940914158307,768.9684615384615,0.5140002740934658,0.22896217192856333,3.0,505.0,527.0,17514.800000000003,14616.64,40.90472868217054,31.13511627906977,True,2299.0,1772.0,0.7707698999565028,516.0,3.434108527131783,106.57787810383748,72483.1792248062,55171.42604651163,17311.753178294566,23.883821547896318,17106.223178294567,-16.546920318816106,14616.64,True,0.012832383714861346,99.87125429553625,True,24.0,112.0,Underperformer - review or exit
173357,TAMWORTH DISTILLING,43.0,1851.0,38198.3,188.18,17.441860465116278,34.69767441860465,2.7628688125397014,38386.48,20.636574824419235,888.332558139535,0.49263972480450696,0.15840447858560955,4.0,106.0,608.0,2053.2200000000003,12664.52,27.135658263305324,20.613081232493,True,1957.0,1349.0,0.6893203883495146,357.0,3.7787114845938374,96.85841363973314,36606.002997198884,27807.046582633055,8798.95641456583,24.036922073243367,8610.77641456583,516.8126162807687,12664.52,True,0.012258561240767804,99.88351285677702,True,30.2,104.0,Underperformer - review or exit
1703,ALISA CARR BEVERAGES,19.0,438.0,34951.68,172.0,15.736842105263158,37.78947368421053,3.6794037147215084,35123.68,79.79835616438356,1839.562105263158,0.49210796162015674,0.23380826280839018,32.0,1517.0,4921.0,130538.96,176650.15,66.63694004349176,47.714990680335504,True,1955.0,,,3219.0,,,,,,28.395585617836772,,35.32369953001003,176650.15,False,0.011216659111733225,99.89472951588876,False,,,Insufficient data
172662,SWEETWATER FARM,27.0,1606.0,34208.19,176.03,16.74074074074074,35.2962962962963,2.767845490804835,34384.22,21.30024283935243,1266.97,0.5145843729235601,0.16533590321179323,5.0,0.0,392.0,0.0,8471.6,28.882857142857144,21.61122448979592,True,1606.0,1214.0,0.7559153175591532,196.0,6.1938775510204085,59.09060955518945,35063.78857142857,26236.026530612246,8827.762040816327,25.176292695335135,8651.732040816327,,8471.6,True,0.01097805902489956,99.90570757491365,True,37.9,90.0,Volume driver - renegotiate cost
90046,CANDIA VINEYARDS,48.0,2383.0,33260.35,178.26,16.770833333333332,34.833333333333336,3.005240694388001,33438.61,13.957343684431388,692.9239583333333,0.5359534701228339,0.17919447618711062,5.0,2237.0,2279.0,25375.43,26187.56,16.77830823737821,11.417845438441098,True,4620.0,2341.0,0.5067099567099567,2258.0,1.036758193091231,353.0234942332337,39278.019583702386,26729.176171390613,12548.843412311773,31.94876815408143,12370.583412311773,3.2004580809074015,26187.56,True,0.010673879135049764,99.9163814540487,True,28.3,108.0,Margin builder - tighten stock levels
9260,TY KU LLC,49.0,2571.0,31379.46,158.21,17.163265306122447,34.51020408163265,2.8675406040100393,31537.67,12.205157526254375,640.3971428571429,0.5041833097191603,0.16707430391972883,7.0,469.0,982.0,5389.6,14619.04,19.08510682288077,13.789552033080634,True,3040.0,2058.0,0.6769736842105263,725.5,2.8366643694004137,129.02478134110785,39277.14984148863,28378.898084079945,10898.251757408685,27.74705344300928,10740.041757408686,171.24536143684134,14619.04,True,0.010070265747748556,99.92645171979645,True,32.6,99.0,Underperformer - review or exit
99166,STARK BREWING COMPANY,11.0,1164.0,24932.88,124.44,16.90909090909091,35.36363636363637,1.9211738835693897,25057.32,21.42,2266.6254545454544,0.49909998363606606,0.11361781031861981,1.0,0.0,366.0,0.0,7839.72,29.990000000000002,21.42,True,1164.0,798.0,0.6855670103092784,183.0,4.360655737704918,83.93233082706767,23932.02,17093.16,6838.860000000001,28.57619206402134,6714.420000000001,,7839.72,True,0.008001435571444667,99.93445315536789,True,42.8,80.0,Underperformer - review or exit
3950,"HOOD RIVER DISTILLERS, Inc.",35.0,1135.0,24000.54,117.35000000000001,16.142857142857142,35.22857142857143,3.2189042448968763,24117.89,21.145850220264318,685.7297142857143,0.488947332018363,0.1994011479139658,7.0,384.0,250.0,7537.249999999999,5308.95,23.507350157728705,20.262145110410096,True,1519.0,1269.0,0.8354180381830152,317.0,4.003154574132492,91.42789598108747,29830.827350157728,25712.66214511041,4118.165205047317,13.805065332945055,4000.815205047317,-29.56383296295067,5308.95,True,0.007702229926501894,99.9421553852944,True,34.9,95.0,Underperformer - review or exit
12331,STELLAR IMPORTING CO LLC,50.0,3021.0,23933.36,116.22,16.32,36.32,3.40731506003882,24049.58,7.9223303541873555,478.66720000000004,0.4855983447372203,0.20878156005139828,19.0,635.0,752.0,4541.139999999999,6115.97,11.40348233597693,7.683568853640951,True,3656.0,2904.0,0.7943107221006565,693.5,4.187454938716654,87.40392561983471,33115.712703677,22313.083950973323,10802.62875270368,32.62085539081336,10686.40875270368,34.679177475259536,6115.97,True,0.007680670586317783,99.94983605588072,True,53.2,55.0,Margin builder - tighten stock levels
90053,INCREDIBREW INC,51.0,2678.0,23560.079999999998,120.09,15.92156862745098,35.13725490196079,3.327720765057681,23680.17,8.797640029873039,461.96235294117645,0.5097181333849461,0.20900709238662774,4.0,521.0,609.0,4590.48,5386.28,13.26920353982301,8.828991150442478,True,3199.0,2590.0,0.8096280087527352,565.0,4.584070796460177,79.84169884169884,34367.2371681416,22867.08707964602,11500.150088495579,33.4625388483547,11380.060088495578,17.335877729562053,5386.28,True,0.00756087793219564,99.95739693381292,True,54.7,52.0,Margin builder - tighten stock levels
7749,R.P.IMPORTS INC,16.0,498.0,18776.87,91.5,15.1875,37.1875,3.331040878364199,18868.37,37.704558232931724,1173.554375,0.4873016642283831,0.21932779446019418,75.0,1422.0,882.0,53682.47,36293.090000000004,58.505190972222216,39.05189236111111,True,1920.0,1038.0,0.540625,1152.0,0.9010416666666666,406.19653179190755,60728.38822916666,40535.86427083333,20192.52395833333,33.25055142602197,20101.02395833333,-32.39303258587021,36293.090000000004,True,0.006025854836600994,99.96342278864952,True,45.2,76.0,Margin builder - tighten stock levels
90017,THE IMPORTED GRAPE LLC,46.0,2244.0,15751.289999999999,78.28,16.282608695652176,34.54347826086956,3.038004048554546,15829.57,7.019291443850267,342.41934782608695,0.4969751683830341,0.18657968789520574,40.0,334.0,878.0,2994.25,6428.95,13.38125412541254,7.774917491749176,True,2578.0,1700.0,0.6594259115593484,606.0,2.8052805280528053,130.46823529411765,22748.132013201317,13217.3597359736,9530.772277227717,41.89694464449551,9452.492277227717,114.70986056608498,6428.95,True,0.005054888649130812,99.96847767729865,True,56.4,44.0,Margin builder - tighten stock levels
90059,BLACK COVE BEVERAGES,7.0,837.0,13174.380000000001,68.52,15.428571428571429,36.57142857142857,1.3972762620115435,13242.900000000001,15.740000000000002,1882.054285714286,0.5201003766401151,0.09056420216741486,1.0,0.0,606.0,0.0,9538.44,19.99,15.74,True,837.0,231.0,0.27598566308243727,303.0,0.7623762376237624,480.0779220779221,4617.69,3635.94,981.7499999999995,21.260630315157574,913.2299999999996,,9538.44,True,0.004227909201172475,99.97270558649983,True,21.4,113.0,Underperformer - review or exit
105,ALTAMAR BRANDS LLC,38.0,308.0,10923.92,58.64,16.86842105263158,35.1578947368421,3.231358618387301,10982.56,35.46727272727273,287.4715789473684,0.5368036382543995,0.1915626014020553,3.0,141.0,148.0,4852.650000000001,5285.08,49.097266435986164,35.07865051903114,True,449.0,301.0,0.6703786191536748,144.5,2.083044982698962,175.7043189368771,14778.277197231835,10558.673806228375,4219.60339100346,28.552742208637472,4160.96339100346,8.911213460686415,5285.08,True,0.003505693769336547,99.97621128026917,True,27.2,109.0,Underperformer - review or exit
90051,FULCHINO VINEYARD INC,33.0,890.0,10423.55,51.07,16.575757575757574,33.878787878787875,3.391444226195375,10474.619999999999,11.711853932584269,315.86515151515147,0.4899482422015533,0.2046026681251323,2.0,310.0,423.0,3721.1800000000003,5072.13,17.657121418826737,11.996330150068212,True,1200.0,777.0,0.6475,366.5,2.120054570259209,172.63706563706563,13719.583342428374,9321.148526603001,4398.434815825372,32.05953640168527,4347.364815825373,36.30434432088745,5072.13,True,0.0033451155161670866,99.97955639578534,True,35.5,94.0,Margin builder - tighten stock levels
90057,WALPOLE MTN VIEW WINERY,31.0,745.0,8597.63,43.54,17.258064516129032,34.935483870967744,3.3263367431804403,8641.17,11.540442953020133,277.3429032258064,0.5064186293199405,0.19274100754877319,3.0,448.0,591.0,5259.74,6911.030000000001,17.528979788257942,11.713926852743022,True,1193.0,602.0,0.5046102263202011,519.5,1.1588065447545717,315.8421926910299,10552.44583253128,7051.783965351299,3500.6618671799815,33.17393827683128,3457.1218671799816,31.39489784666164,6911.030000000001,True,0.0027591430477393623,99.98231553883308,True,34.4,97.0,Margin builder - tighten stock levels
2396,BLACK PRINCE DISTILLERY INC,34.0,780.0,5852.52,30.43,16.941176470588236,33.11764705882353,2.581298433788328,5882.950000000001,7.50323076923077,172.1329411764706,0.5199469630176402,0.15236831032778322,10.0,335.0,27.0,3273.6000000000004,119.42,12.818729281767956,9.372983425414366,True,1115.0,1088.0,0.9757847533632287,181.0,6.011049723756906,60.887867647058826,13946.777458563536,10197.80596685083,3748.9714917127058,26.880557195746885,3718.541491712706,-96.35202834799608,119.42,True,0.0018781850195641796,99.98419372385264,True,52.2,59.0,Volume driver - renegotiate cost
90037,THE PIERPONT GROUP LLC,24.0,570.0,5645.1900000000005,27.66,17.833333333333332,34.75,2.9733112366761962,5672.85,9.90384210526316,235.21625000000003,0.4899746509860607,0.16672773289773063,13.0,692.0,193.0,8653.91,1506.24,18.69960451977401,11.480395480225988,True,1262.0,1069.0,0.847068145800317,442.5,2.415819209039548,151.50140318054258,19989.877231638417,12272.542768361582,7717.334463276835,38.60621240365819,7689.674463276835,-82.59468841252104,1506.24,True,0.0018116488778498,99.98600537273049,True,61.0,25.0,Margin builder - tighten stock levels
2,"IRA GOLDMAN AND WILLIAMS, LLP",4.0,328.0,5630.88,27.08,16.5,36.25,3.1091263510296048,5657.96,17.167317073170732,1407.72,0.48091950103713804,0.1884319000624003,2.0,16.0,244.0,381.76,4189.16,26.005384615384614,17.580461538461538,True,344.0,100.0,0.29069767441860467,130.0,0.7692307692307693,475.79999999999995,2600.5384615384614,1758.0461538461539,842.4923076923076,32.39684089093974,815.4123076923075,997.3281642917016,4189.16,True,0.0018070565265840264,99.98781242925708,True,38.1,88.0,Margin builder - tighten stock levels
2876,CENTEUR IMPORTS LLC,36.0,657.0,5433.32,27.11,16.97222222222222,34.94444444444444,2.602044373302446,5460.429999999999,8.269893455098934,150.92555555555555,0.49895827965222,0.15331194343516868,11.0,113.0,265.0,954.1,2263.6,12.64873015873016,8.512433862433863,True,770.0,505.0,0.6558441558441559,189.0,2.671957671957672,136.97821782178218,6387.608730158731,4298.779100529101,2088.8296296296303,32.70127707990848,2061.71962962963,137.24976417566293,2263.6,True,0.001743655763756202,99.98955608502084,True,41.7,82.0,Margin builder - tighten stock levels
90052,HAUNTING WHISPER VYDS,29.0,645.0,5195.26,26.66,16.551724137931036,33.13793103448276,2.9348424987741395,5221.92,8.054666666666668,179.14689655172415,0.5131600728356233,0.17731340096760426,2.0,342.0,400.0,2762.55,3218.56,11.990000000000002,8.060795148247978,True,987.0,587.0,0.5947315096251267,371.0,1.582210242587601,231.32197614991483,7038.130000000001,4731.686752021563,2306.443247978438,32.77068266682255,2279.7832479784383,16.50685055474108,3218.56,True,0.0016672577803648683,99.9912233428012,True,34.0,98.0,Margin builder - tighten stock levels
3551,GILMANTON WINERY & VINEYARD,6.0,456.0,4766.88,23.68,15.666666666666666,40.0,2.3380903889000244,4790.56,10.453684210526315,794.48,0.4967609841237874,0.14923981205744838,2.0,0.0,276.0,0.0,2885.74,15.989999999999998,10.455579710144926,True,456.0,180.0,0.39473684210526316,138.0,1.3043478260869565,280.6,2878.2,1882.0043478260868,996.195652173913,34.61175916106987,972.515652173913,,2885.74,True,0.0015297824878958287,99.9927531252891,True,54.8,51.0,Margin builder - tighten stock levels
9751,VINEDREA WINES LLC,20.0,205.0,4657.599999999999,24.53,15.75,38.8,3.274703682858392,4682.129999999999,22.72,232.87999999999997,0.5266660941257301,0.20791769414973918,1.0,239.0,4.0,5430.08,90.88,29.907695473251028,22.72,True,444.0,440.0,0.990990990990991,121.5,3.6213991769547325,101.06590909090909,13159.386008230453,9996.8,3162.5860082304534,24.032929851380864,3138.0560082304532,-98.32635983263597,90.88,True,0.0014947124567061916,99.9942478377458,True,44.4,78.0,Underperformer - review or exit
6280,UNCORKED,6.0,238.0,2923.01,15.03,15.833333333333334,41.0,3.188521078284832,2938.0400000000004,12.281554621848741,487.16833333333335,0.5141959829080296,0.2013802786285157,9.0,6.0,187.0,157.2,2350.55,18.347512953367875,12.993523316062177,True,244.0,57.0,0.2336065573770492,96.5,0.5906735751295337,619.6315789473684,1045.808238341969,740.6308290155441,305.1774093264248,29.18101025961079,290.14740932642485,1395.260814249364,2350.55,True,0.0009380495229467464,99.99518588726875,True,31.9,101.0,Underperformer - review or exit
8663,STAR INDUSTRIES INC.,13.0,151.0,2452.29,12.44,16.23076923076923,35.38461538461539,3.3454906504588666,2464.73,16.240331125827815,188.6376923076923,0.5072809496429868,0.20612027704248942,6.0,277.0,0.0,4452.950000000001,0.0,21.527906137184114,16.07563176895307,True,428.0,428.0,1.0,138.5,3.0902527075812274,118.43691588785047,9213.943826714802,6880.370397111914,2333.5734296028877,25.32654282997636,2321.1334296028876,-100.0,0.0,True,0.0007869865189058801,99.99597287378765,True,45.9,72.0,Underperformer - review or exit
287,APPOLO VINEYARDS LLC,12.0,218.0,2274.9,11.68,16.0,37.833333333333336,2.9848100289785457,2286.58,10.435321100917431,189.57500000000002,0.5134291617213943,0.1865506268111591,2.0,326.0,448.0,3401.9500000000003,4674.25,15.49,10.4343669250646,True,544.0,96.0,0.17647058823529413,387.0,0.24806201550387597,1475.4375,1487.04,1001.6992248062015,485.34077519379844,32.63804438305617,473.66077519379843,37.399138729258205,4674.25,True,0.0007300586928377095,99.99670293248049,True,37.2,91.0,Margin builder - tighten stock levels
5083,LOYAL DOG WINERY,2.0,216.0,2088.7200000000003,9.4,20.5,28.5,2.1213203435596424,2098.1200000000003,9.670000000000002,1044.3600000000001,0.4500363859205637,0.10347904114925084,1.0,0.0,166.0,0.0,1605.22,14.99,9.67,True,216.0,,,83.0,,,,,,35.49032688458973,,,1605.22,False,0.000670309988528718,99.99737324246902,False,,,Insufficient data
1003,BRONCO WINE COMPANY,24.0,404.0,1959.8,9.96,16.291666666666668,36.416666666666664,3.4575584080283495,1969.76,4.850990099009901,81.65833333333333,0.5082151239922441,0.2122286490861391,8.0,0.0,99.0,0.0,450.77000000000004,6.697070707070707,4.553232323232324,True,404.0,305.0,0.754950495049505,49.5,6.161616161616162,59.4,2042.6065656565656,1388.7358585858588,653.8707070707069,32.01158353569327,643.9107070707068,,450.77000000000004,True,0.0006289371076633448,99.99800217957669,True,50.3,64.0,Star - expand
5612,MILTONS DISTRIBUTING CO,10.0,267.0,1824.18,9.46,16.6,36.7,2.7968235951204043,1833.64,6.8321348314606745,182.418,0.5185891743139384,0.1684833491036388,36.0,67.0,73.0,421.71000000000004,477.15000000000003,9.651428571428571,6.420428571428571,True,334.0,261.0,0.781437125748503,70.0,3.7285714285714286,98.16091954022988,2519.022857142857,1675.731857142857,843.2909999999999,33.47690941385435,833.8309999999999,13.146475065803513,477.15000000000003,True,0.000585414069322033,99.99858759364601,True,52.4,58.0,Margin builder - tighten stock levels
3951,HIGHLAND WINE MERCHANTS LLC,5.0,108.0,1283.76,6.4,16.6,36.6,2.4083189157584592,1290.16,11.886666666666667,256.752,0.49853555181653897,0.14507945275653367,11.0,0.0,290.0,0.0,4461.23,23.188275862068966,15.383551724137929,True,108.0,,,145.0,,,,,,33.658061446033976,,,4461.23,False,0.0004119830091508804,99.99899957665515,False,,,Insufficient data
200,AMERICAN SPIRITS EXCHANGE,6.0,132.0,1205.16,6.1899999999999995,18.833333333333332,36.0,2.7868739954771318,1211.3500000000001,9.13,200.86,0.5136247469215706,0.14797561037931675,3.0,12.0,41.0,116.76,361.53,15.744716981132076,9.02433962264151,True,144.0,103.0,0.7152777777777778,26.5,3.8867924528301887,94.16504854368932,1621.7058490566037,929.5069811320755,692.1988679245283,42.68337986985751,686.0088679245282,209.6351490236382,361.53,True,0.0003867587736868847,99.99938633542884,True,58.2,35.0,Margin builder - tighten stock levels
1265,BLACK ROCK SPIRITS LLC,18.0,82.0,1152.1,5.79,16.833333333333332,37.05555555555556,2.6623739959137307,1157.8899999999999,14.049999999999999,64.00555555555555,0.5025605416196511,0.15816083144041965,1.0,0.0,0.0,0.0,0.0,24.99,14.05,True,82.0,,,0.0,,,,,,43.77751100440175,,,0.0,False,0.00036973081015355625,99.99975606623899,False,,,Insufficient data
9099,TRUETT HURST,1.0,24.0,236.64,1.25,18.0,31.0,,237.89,9.86,236.64,0.5282285327924273,,1.0,0.0,23.0,0.0,226.77999999999997,14.989999999999998,9.86,True,24.0,,,11.5,,,,,,34.22281521014009,,,226.77999999999997,False,7.594227837404526e-05,99.99983200851736,False,,,Insufficient data
4901,LAUREATE IMPORTS CO,1.0,29.0,140.94,0.72,21.0,41.0,,141.66,4.86,140.94,0.5108556832694764,,2.0,0.0,29.0,0.0,140.94,7.49,4.86,True,29.0,,,14.5,,,,,,35.11348464619493,,,140.94,False,4.523032756101225e-05,99.99987723884492,False,,,Insufficient data
90033,FANTASY FINE WINES CORP,2.0,24.0,128.64,0.61,19.0,29.0,4.242640687119285,129.25,5.359999999999999,64.32,0.4741915422885572,0.22329687826943603,1.0,22.0,5.0,117.92,26.8,7.990000000000001,5.36,True,46.0,,,13.5,,,,,,32.91614518147685,,-77.27272727272727,26.8,False,4.128302353802054e-05,99.99991852186845,False,,,Insufficient data
54,AAPER ALCOHOL & CHEMICAL CO,1.0,1.0,105.07,0.48,14.0,43.0,,105.55,105.07,105.07,0.4568382982773389,,1.0,0.0,1.0,0.0,105.07,134.49,105.07,True,1.0,,,0.5,,,,,,21.875232359283228,,,105.07,False,3.3718962089084416e-05,99.99995224083054,False,,,Insufficient data
90026,SILVER MOUNTAIN CIDERS,2.0,17.0,77.17999999999999,0.36,16.5,30.5,3.5355339059327378,77.53999999999999,4.539999999999999,38.589999999999996,0.4664420834413061,0.21427478217774168,5.0,36.0,1.0,179.04,8.44,7.800810810810811,5.067027027027026,True,53.0,,,18.5,,,,,,35.04486713092888,,-95.28596961572833,8.44,False,2.476853044670729e-05,99.99997700936099,False,,,Insufficient data
1439,CAPSTONE INTERNATIONAL,1.0,4.0,54.64,0.27,14.0,31.0,,54.910000000000004,13.66,54.64,0.49414348462664714,,2.0,9.0,0.0,122.94,0.0,26.99,13.66,True,13.0,,,4.5,,,,,,49.38866246758058,,-100.0,0.0,False,1.753501559481843e-05,99.99999454437659,False,,,Insufficient data
201359,FLAVOR ESSENCE INC,1.0,1.0,17.0,0.09,22.0,38.0,,17.09,17.0,17.0,0.5294117647058824,,0.0,0.0,0.0,0.0,0.0,,,True,1.0,,,0.0,,,,,,,,,0.0,False,5.455623446411298e-06,100.00000000000004,False,,,Insufficient data
9710,WHYTE & MACKAY,0.0,0.0,0.0,0.0,,,,0.0,,,,,1.0,2.0,0.0,24.6,0.0,21.99,12.3,False,2.0,,,1.0,,,,,,44.06548431105047,,-100.0,0.0,False,0.0,100.00000000000004,False,,,Insufficient data
5895,"Mizkan Americas, Inc.",0.0,0.0,0.0,0.0,,,,0.0,,,,,1.0,0.0,0.0,0.0,0.0,7.49,5.39,False,0.0,,,0.0,,,,,,28.037383177570103,,,0.0,False,0.0,100.00000000000004,False,,,Insufficient data
3670,HALO DISTILLERY,0.0,0.0,0.0,0.0,,,,0.0,,,,,1.0,0.0,0.0,0.0,0.0,19.99,15.62,False,0.0,,,0.0,,,,,,21.860930465232613,,,0.0,False,0.0,100.00000000000004,False,,,Insufficient data
1002,BERNIKO LLC,0.0,0.0,0.0,0.0,,,,0.0,,,,,1.0,1.0,0.0,12.87,0.0,16.99,12.87,False,1.0,,,0.5,,,,,,24.249558563861093,,-100.0,0.0,False,0.0,100.00000000000004,False,,,Insufficient data
2973,FLEMISH LION LLC,0.0,0.0,0.0,0.0,,,,0.0,,,,,1.0,0.0,0.0,0.0,0.0,9.99,7.46,False,0.0,,,0.0,,,,,,25.325325325325327,,,0.0,False,0.0,100.00000000000004,False,,,Insufficient data
90034,EXCLUSIVE WINES & SPIRITS,0.0,0.0,0.0,0.0,,,,0.0,,,,,1.0,2.0,0.0,37.08,0.0,27.99,18.54,False,2.0,,,1.0,,,,,,33.762057877813504,,-100.0,0.0,False,0.0,100.00000000000004,False,,,Insufficient data
